Surname,Name,Patronymic,Organization,Work Phone,Personal Phone
Volkov,Roman,V,YourCompany,8-000-000-00-00,4242
Smith,John,Michael,ABC Company,(555) 123-4567,(555) 987-6543
Johnson,Emily,Anne,XYZ Corporation,(555) 456-7890,(555) 321-0987
Brown,David,James,123 Industries,(555) 234-5678,(555) 890-1234
Taylor,Sarah,Elizabeth,Global Tech,(555) 678-9012,(555) 345-6789
Martinez,Daniel,Luis,Top Solutions,(555) 789-0123,(555) 901-2345
Anderson,Emma,Grace,Innovative Designs,(555) 890-1234,(555) 456-7890
Wilson,Alexander,Thomas,Future Enterprises,(555) 901-2345,(555) 567-8901
Miller,Sophia,Rose,Dynamic Systems,(555) 012-3456,(555) 678-9012
Davis,Matthew,Christopher,Eagle Solutions,(555) 123-4567,(555) 789-0123
Garcia,Olivia,Marie,Star Enterprises,(555) 234-5678,(555) 901-2345
Rodriguez,Isabella,Sofia,Prime Innovations,(555) 345-6789,(555) 012-3456
Martinez,Noah,Andrew,Infinity Solutions,(555) 456-7890,(555) 234-5678
Lee,William,Aaron,Pinnacle Corporation,(555) 567-8901,(555) 345-6789
Harris,Ava,Grace,Alpha Industries,(555) 678-9012,(555) 456-7890
Clark,Michael,Joseph,Spectrum Tech,(555) 789-0123,(555) 123-4567
Lewis,Charlotte,Emma,Apex Systems,(555) 890-1234,(555) 678-9012
Young,Benjamin,David,United Innovations,(555) 901-2345,(555) 789-0123
Walker,Sofia,Grace,Peak Performance,(555) 012-3456,(555) 234-5678
Hall,Liam,Anthony,Global Solutions,(555) 234-5678,(555) 901-2345
Allen,Harper,Olivia,Meridian Group,(555) 345-6789,(555) 012-3456
1,1,1,1,1,1
